{
  "checkpoint": "cv5_resnet34_pretrained_mask_scrubbed_roi045_fold_01_best_xray_classifier_roi_045_balacc.pth",
  "important_note": "Old NIfTI evaluation includes data from the original training dataset and is optimistic. np_stage PNG evaluation uses visual QC preview PNGs, not the original NIfTI training format.",
  "old_original_nifti": {
    "n": 42,
    "positive_labels": 31,
    "healthy_labels": 11,
    "threshold": 0.5,
    "accuracy": 0.9761904761904762,
    "balanced_accuracy": 0.9838709677419355,
    "auc": 0.9941348973607038,
    "sensitivity": 0.967741935483871,
    "specificity": 1.0,
    "precision": 1.0,
    "recall": 0.967741935483871,
    "f1": 0.9836065573770492,
    "tp": 30,
    "tn": 11,
    "fp": 0,
    "fn": 1,
    "mean_probability_healthy": 0.29650352082469245,
    "mean_probability_anomaly": 0.8364376175788141,
    "best_threshold_on_this_eval_set": 0.5,
    "best_threshold_metrics_on_this_eval_set": {
      "accuracy": 0.9761904761904762,
      "balanced_accuracy": 0.9838709677419355,
      "auc": 0.9941348973607038,
      "sensitivity": 0.967741935483871,
      "specificity": 1.0,
      "precision": 1.0,
      "recall": 0.967741935483871,
      "f1": 0.9836065573770492,
      "tp": 30,
      "tn": 11,
      "fp": 0,
      "fn": 1,
      "n": 42
    }
  },
  "np_stage_visual_qc_png": {
    "n": 195,
    "positive_labels": 98,
    "healthy_labels": 97,
    "threshold": 0.5,
    "accuracy": 0.5025641025641026,
    "balanced_accuracy": 0.5,
    "auc": 0.8687144961077213,
    "sensitivity": 1.0,
    "specificity": 0.0,
    "precision": 0.5025641025641026,
    "recall": 1.0,
    "f1": 0.6689419795221843,
    "tp": 98,
    "tn": 0,
    "fp": 97,
    "fn": 0,
    "mean_probability_healthy": 0.7719893633704824,
    "mean_probability_anomaly": 0.8470160079245664,
    "best_threshold_on_this_eval_set": 0.85,
    "best_threshold_metrics_on_this_eval_set": {
      "accuracy": 0.7846153846153846,
      "balanced_accuracy": 0.7855564906374921,
      "auc": 0.8687144961077213,
      "sensitivity": 0.6020408163265306,
      "specificity": 0.9690721649484536,
      "precision": 0.9516129032258065,
      "recall": 0.6020408163265306,
      "f1": 0.7375,
      "tp": 59,
      "tn": 94,
      "fp": 3,
      "fn": 39,
      "n": 195
    }
  },
  "np_stage_paths": {
    "final_stage_root": "C:\\np_stage\\xray_anchor_with_healthy_20260614_v1",
    "labels": "C:\\np_stage\\xray_anchor_with_healthy_20260614_v1\\final_dataset_audit",
    "human_review_previews_with_text": "C:\\np_stage\\xray_anchor_with_healthy_20260614_v1\\visual_qc\\xray_previews",
    "clean_png_for_demo_upload_no_text": "C:\\np_stage\\xray_anchor_with_healthy_20260614_v1\\visual_qc\\xray_model_inputs_clean_png",
    "raw_sources_remain_in": "data\\newpatient archives/folders; representative raw paths are listed in xray_anchor_links.csv and xray_preview_summary.csv"
  }
}